URl - https://en.wikipedia.org/wiki/Elon_Musk,Numbers are ,Musk - 654 hits,Elon Mask - 0 hits,Total - 879 hits,Tesla - 215 hits,Gigafactory - 10 hits,
URl - https://en.wikipedia.org/wiki/Elon_Musk#searchInput,Numbers are ,Musk - 654 hits,Elon Mask - 0 hits,Total - 879 hits,Tesla - 215 hits,Gigafactory - 10 hits,
URl - https://en.wikipedia.org/wiki/Elon_Musk#mw-head,Numbers are ,Musk - 654 hits,Elon Mask - 0 hits,Total - 879 hits,Tesla - 215 hits,Gigafactory - 10 hits,
URl - https://en.wikipedia.org/wiki/Special:RecentChangesLinked/Fellow_of_the_Royal_Society,Numbers are ,Musk - 14 hits,Elon Mask - 0 hits,Total - 14 hits,Tesla - 0 hits,Gigafactory - 0 hits,
URl - https://en.wikipedia.org/wiki/Serbia,Numbers are ,Musk - 0 hits,Elon Mask - 0 hits,Total - 9 hits,Tesla - 9 hits,Gigafactory - 0 hits,
URl - https://en.wikipedia.org/wiki/Springbok_(antelope),Numbers are ,Musk - 8 hits,Elon Mask - 0 hits,Total - 8 hits,Tesla - 0 hits,Gigafactory - 0 hits,
URl - https://en.wikipedia.org/wiki/Black_Wildebeest,Numbers are ,Musk - 8 hits,Elon Mask - 0 hits,Total - 8 hits,Tesla - 0 hits,Gigafactory - 0 hits,
URl - https://en.wikipedia.org/wiki/Mountain_Reedbuck,Numbers are ,Musk - 8 hits,Elon Mask - 0 hits,Total - 8 hits,Tesla - 0 hits,Gigafactory - 0 hits,
URl - https://royalsociety.org/people/elon-musk-13829/,Numbers are ,Musk - 3 hits,Elon Mask - 0 hits,Total - 8 hits,Tesla - 5 hits,Gigafactory - 0 hits,
URl - https://en.wikipedia.org/wiki/Ford_Motor_Company,Numbers are ,Musk - 1 hits,Elon Mask - 0 hits,Total - 8 hits,Tesla - 7 hits,Gigafactory - 0 hits,
